gene,state,state_up,state_down,mean_log2cpm
A2M,1,1,0,11.09185287942912
AAK1,0,0,0,8.31144554939267
ABCB1,0,0,0,8.946238936029575
ABCC4,0,0,0,6.943447031545933
ABCG1,0,0,0,7.451059261577287
ABHD18,0,0,0,6.494940658914806
ABI1,0,0,0,7.463868542075841
ABI2,0,0,0,7.111451226368984
ABL1,0,0,0,7.247172036567472
ABL2,0,0,0,6.909862590040355
ABLIM1,1,1,0,10.42056901001822
ABLIM3,1,0,1,9.854689515653861
ABR,1,1,0,7.21666408420213
ACACB,0,0,0,7.978087432979973
ACAP2,0,0,0,8.279062845927488
ACBD6,0,0,0,6.664814297876351
ACER3,0,0,0,7.579981431996366
ACIN1,0,0,0,7.072952632104053
ACSL3,0,0,0,7.9429388315615
ACTA1,0,0,0,8.174716119827
ACTB,0,0,0,12.039284287658397
ACTC1,0,0,0,9.10199833551355
ACTN1,0,0,0,8.091260604783592
ACTN4,1,1,0,9.038085249891019
ACTR2,0,0,0,8.306449880873181
ACTR3,0,0,0,8.275838044269866
ACVR2A,0,0,0,6.702130953422386
ACYP2,0,0,0,7.1186692278713
ADAM10,0,0,0,8.523885910027104
ADAM15,0,0,0,9.229292150533468
ADAM17,0,0,0,7.144830497704362
ADAMTS6,1,1,0,6.832957601896417
ADAMTS9,0,0,0,10.414350093080717
ADAMTS9-AS2,1,1,0,8.181912339061535
ADAR,0,0,0,8.009814265624396
ADARB1,0,0,0,7.315246428828101
ADD1,1,1,0,9.115440629018936
ADD3,0,0,0,8.008843407552167
ADGRF5,0,0,0,10.88218639457943
ADGRG1,0,0,0,8.35386179564429
ADGRL2,1,0,1,8.326069789429939
ADGRL4,0,0,0,10.138741377131305
ADIPOR2,1,1,0,8.36705456182839
ADK,0,0,0,7.004466443005599
ADNP,0,0,0,6.963629618202617
AEBP2,0,0,0,7.253743443067034
AFAP1L1,1,0,1,8.22991718991398
AFDN,1,1,0,9.69596140069017
AFF1,0,0,0,9.282079564892902
AFF4,0,0,0,7.940225404094851
AGAP1,0,0,0,8.118219159222855
AGFG1,0,0,0,7.2020144480487716
AGO2,0,0,0,6.8292959373904445
AGO3,0,0,0,7.4158463005697834
AGO4,0,0,0,6.946154412196707
AGTPBP1,0,0,0,7.2531969676662245
AHCTF1,0,0,0,6.893123373495977
AHCYL2,0,0,0,6.7724630780449715
AHNAK,0,0,0,9.481880829063437
AIF1L,1,1,0,7.919021492115455
AKAP10,0,0,0,6.61379193847959
AKAP13,0,0,0,8.6796333125201
AKAP9,0,0,0,8.184780806138109
AKT3,1,1,0,8.824245925726562
ALS2,0,0,0,6.946830464243234
AMBRA1,0,0,0,7.041016672218835
AMOTL1,0,0,0,6.789146202664091
ANAPC16,0,0,0,7.888028299554415
ANAPC5,0,0,0,7.3877409628894295
ANGPT2,1,1,0,8.187929546564567
ANKAR,0,0,0,6.644954689192824
ANKH,0,0,0,7.857074098915466
ANKIB1,0,0,0,7.298923792572123
ANKRD10,0,0,0,8.312495068428419
ANKRD11,0,0,0,8.416456551854585
ANKRD12,0,0,0,9.052761665980585
ANKRD13C,0,0,0,6.68034487605654
ANKRD17,0,0,0,8.296936700240781
ANKRD44,0,0,0,6.603538806493275
ANKS1A,0,0,0,7.919365975173656
ANO10,0,0,0,7.044810744204044
ANO2,0,0,0,10.43129744456164
ANO6,0,0,0,7.996162436434575
ANXA1,0,0,0,9.307174009721846
ANXA11,0,0,0,7.853833704399215
ANXA2,0,0,0,10.392122138131914
ANXA3,0,0,0,10.166939939104529
ANXA5,0,0,0,9.664762933566923
AP1G1,0,0,0,6.783101909807764
AP2B1,0,0,0,7.489150880533042
AP3B1,0,0,0,7.810661213304005
APBB2,0,0,0,9.3836897591189
APC,0,0,0,7.138926274031464
APOL3,1,1,0,8.140847798369776
APOLD1,0,0,0,9.913022930933682
APP,0,0,0,10.31841708067618
APPBP2,0,0,0,7.308423922286151
APPL2,0,0,0,6.679531631930784
AQP1,1,0,1,10.677929216632611
AQR,0,0,0,6.729105416095143
ARAP3,0,0,0,7.802840699611
ARFGEF1,0,0,0,7.758475753129603
ARFGEF2,0,0,0,7.003816872962709
ARFIP1,0,0,0,6.819731886284886
ARGLU1,0,0,0,9.865098680681887
ARHGAP18,0,0,0,7.3478598691368076
ARHGAP21,0,0,0,7.634292015182342
ARHGAP24,0,0,0,7.674438443555177
ARHGAP26,1,1,0,9.51883665661258
ARHGAP29,0,0,0,10.411659124632756
ARHGAP31,0,0,0,9.448256927014787
ARHGAP5,0,0,0,7.5575829768980345
ARHGEF12,0,0,0,8.50862758820327
ARHGEF15,0,0,0,7.717465146805803
ARHGEF3,0,0,0,8.003004498910673
ARHGEF7,1,0,1,8.092177572001468
ARID1A,0,0,0,7.424123682606238
ARID1B,0,0,0,9.065579453676484
ARID2,0,0,0,7.741432037171806
ARID4A,0,0,0,7.108433034806069
ARID4B,0,0,0,8.418894978938738
ARID5B,1,1,0,7.619103390767529
ARIH1,0,0,0,7.855274778351862
ARIH2,1,1,0,6.922290764881505
ARL15,1,1,0,10.1602515276309
ARMC8,0,0,0,7.035306789933489
ARPC2,0,0,0,9.050719078454504
ASAP1,0,0,0,9.91293643842521
ASAP2,0,0,0,7.949700156372371
ASCC3,0,0,0,7.552706006842011
ASH1L,0,0,0,8.521391858573065
ASXL1,0,0,0,7.719049003192016
ASXL2,0,0,0,6.751721098769237
ATAD2B,0,0,0,7.459611406079271
ATE1,0,0,0,7.142471707003733
ATF2,0,0,0,6.951553978886638
ATF6,0,0,0,7.45486647484635
ATF7IP,0,0,0,7.712305571696676
ATF7IP2,0,0,0,8.072178280176876
ATG5,0,0,0,6.922978089830613
ATG7,0,0,0,7.235046161591608
ATOH8,0,0,0,8.312495068428419
ATP10D,0,0,0,6.908475049619968
ATP11A,0,0,0,7.162981527009066
ATP11B,0,0,0,6.895926765276095
ATP13A3,1,1,0,7.449628962344911
ATP1A1,0,0,0,8.81797773729734
ATP1B3,0,0,0,8.243187257979551
ATP2A2,0,0,0,7.324119762044668
ATP2B4,0,0,0,8.723297021241088
ATP2C1,0,0,0,7.151297356718924
ATP8A1,1,1,0,7.238363338851204
ATP8B1,0,0,0,7.723395663683496
ATR,0,0,0,6.599245068083142
ATXN1,0,0,0,7.633452384696901
ATXN10,0,0,0,7.253743443067034
ATXN2,0,0,0,7.987646105412481
ATXN3,0,0,0,7.176878757079351
ATXN7L1,0,0,0,6.57670927128112
AUH,0,0,0,6.856894267810104
AUTS2,0,0,0,9.762465416604577
AVL9,1,1,0,7.436692055297182
B2M,1,1,0,14.13289799964649
B4GALT1,0,0,0,7.658843806845618
B4GALT5,1,0,1,8.180475963951954
BACE2,0,0,0,7.13537210666407
BACH1,0,0,0,7.067367999165787
BAIAP2L1,0,0,0,7.334489582366273
BAZ1A,0,0,0,7.705530472036751
BAZ1B,0,0,0,6.918849219735898
BAZ2B,0,0,0,8.918935358497059
BBS9,0,0,0,7.348371644608966
BBX,0,0,0,7.519007144278375
BCAM,0,0,0,8.805359062371311
BCAR3,0,0,0,7.350416932976885
BCAS3,0,0,0,8.499440611105108
BCL2L1,0,0,0,8.546586518451253
BCLAF1,0,0,0,7.831311002850383
BEND7,0,0,0,6.784615358717488
BICD1,0,0,0,7.569923196062623
BIRC6,0,0,0,8.56827659701659
BMPR2,1,1,0,9.5601809839574
BMS1P14,0,0,0,7.130619555391926
BOD1L1,0,0,0,7.507138679601974
BPTF,0,0,0,8.374108703385247
BRAF,0,0,0,8.119718842352585
BRD4,0,0,0,7.53168031162104
BRWD1,0,0,0,7.767305473597407
BST2,0,0,0,10.518012348757786
BTBD9,0,0,0,7.379251559474826
BTG1,0,0,0,9.066357354612451
BTRC,0,0,0,6.7298911977272535
C11orf58,0,0,0,8.233246167545397
C1orf21,0,0,0,9.155616915776061
CA8,1,0,1,8.798259078922309
CAB39,0,0,0,7.027019080208083
CABP1,1,0,1,7.212734562206165
CACHD1,0,0,0,7.329832384861429
CADPS2,1,0,1,9.512343150914637
CALCOCO2,1,0,1,8.7262533645725
CALCRL,0,0,0,9.566573134697233
CALD1,0,0,0,9.60862107851039
CALM1,0,0,0,10.789405351804609
CAMK1D,0,0,0,6.71409366741108
CAMK2D,0,0,0,7.498864477939475
CAMKMT,0,0,0,7.558467930178897
CAMSAP2,0,0,0,7.46669966980216
CAMTA1,0,0,0,7.9020402590700245
CAPN2,1,0,1,9.09210118032313
CAPN7,0,0,0,6.798165424792582
CAPZA1,0,0,0,7.561560998832658
CAPZA2,0,0,0,9.240363776962997
CAPZB,0,0,0,8.72940013436403
CARD8,1,0,1,8.42375950362137
CARHSP1,0,0,0,8.845066242089597
CASC15,1,0,1,8.02333812131504
CAST,0,0,0,8.731755715605852
CAV1,1,1,0,11.845304208667853
CAV2,0,0,0,9.826405821233173
CBFA2T2,0,0,0,6.6188913077034375
CBFB,0,0,0,6.8987247201717725
CBLB,0,0,0,8.201306376848846
CBR4,0,0,0,6.706129556428039
CCAR1,0,0,0,7.194633465585072
CCDC50,0,0,0,8.47761811218308
CCDC68,0,0,0,8.326069789429939
CCDC85A,0,0,0,9.635812601057388
CCDC88A,1,1,0,6.936656268050691
CCDC91,0,0,0,6.8987247201717725
CCM2,0,0,0,6.800411447624358
CCM2L,0,0,0,7.027019080208083
CCND3,0,0,0,8.934357151961104
CCNH,0,0,0,7.85851194135753
CCNI,0,0,0,8.679429944174556
CCNL1,0,0,0,8.469878061696344
CCNL2,0,0,0,7.6584311366366
CCNY,0,0,0,9.755247114150308
CCSER2,0,0,0,7.77455904954878
CD109,0,0,0,7.22393349319935
CD2AP,0,0,0,8.328665732624081
CD300LG,0,0,0,8.420112648694422
CD34,1,1,0,9.50076484489819
CD36,1,0,1,11.993741626651923
CD46,0,0,0,8.542343294683914
CD58,0,0,0,8.142324154455316
CD59,0,0,0,11.512129051438961
CD63,0,0,0,10.328438773979984
CD74,0,0,0,10.930666656272471
CD9,0,0,0,10.148692054218959
CD93,0,0,0,8.959364379474613
CDC14A,0,0,0,7.076663746795789
CDC27,0,0,0,7.950711627580587
CDC37,0,0,0,9.63738393621224
CDC42,0,0,0,9.069619965938177
CDC42BPA,0,0,0,9.704381531135652
CDC42BPB,0,0,0,7.6662517565798876
CDC42EP3,0,0,0,8.18907284135715
CDC42EP4,0,0,0,7.6016082054516225
CDC42SE2,0,0,0,7.185497032653782
CDC73,0,0,0,7.150123718223539
CDH13,0,0,0,9.624870686492152
CDH5,0,0,0,9.855229766572663
CDK12,0,0,0,6.9927291982730315
CDK13,0,0,0,8.007223857493347
CDK14,0,0,0,7.6995259057624885
CDK17,0,0,0,8.873434503055204
CDK19,1,1,0,6.897326421016136
CDK6,0,0,0,8.42205878512091
CDK8,0,0,0,6.552928045325079
CDKAL1,0,0,0,8.184207568804299
CDKN1C,0,0,0,9.828975099135624
CDR2,1,1,0,7.390228368748525
CDS2,0,0,0,7.124656765168251
CDYL,0,0,0,7.01029944976917
CEBPD,0,0,0,10.698698320039924
CELF1,0,0,0,7.814740816395159
CELF2,0,0,0,8.462332691664113
CENPC,0,0,0,6.935975430359486
CEP112,0,0,0,8.36579125610766
CEP192,0,0,0,6.588021172135859
CEP350,0,0,0,7.960787527278826
CEP85L,1,1,0,7.509428672211178
CERK,0,0,0,7.1401090533892795
CFAP161,1,0,1,6.735379718089414
CFDP1,0,0,0,7.812517008570047
CFLAR,0,0,0,10.075930012669211
CGGBP1,0,0,0,7.362121401386742
CHCHD3,0,0,0,7.431388023437255
CHD1,0,0,0,7.8258087267647864
CHD2,0,0,0,7.101770703297931
CHD6,0,0,0,7.366170363990774
CHD7,0,0,0,7.110848092981901
CHD9,1,0,1,9.212383190996924
CHFR,0,0,0,6.372474206236119
CHIC2,1,1,0,7.6567792743798355
CHN1,0,0,0,7.141290863851343
CHST11,0,0,0,6.674642516692357
CHSY1,1,1,0,7.596016357207269
CHSY3,0,0,0,7.876010189779044
CIRBP,0,0,0,8.579436587002961
CLASP1,0,0,0,8.012400030924448
CLASP2,0,0,0,7.400135326414614
CLDN5,1,0,1,11.098941274220769
CLEC14A,0,0,0,10.073455738069198
CLEC16A,0,0,0,6.831494051133429
CLEC1A,0,0,0,7.045442120599631
CLIC4,0,0,0,8.913930789341558
CLIC5,1,0,1,10.000442526577961
CLIP1,0,0,0,7.49054254788297
CLOCK,0,0,0,7.1401090533892795
CLTA,0,0,0,8.528409532267089
CLTC,0,0,0,7.877783849998618
CMIP,0,0,0,8.195629261639617
CMTM8,0,0,0,9.257631100180488
CNBP,0,0,0,8.813721996627605
CNKSR3,1,1,0,7.289360689710238
CNN3,0,0,0,8.311708000737926
CNOT1,0,0,0,7.076663746795789
CNOT2,0,0,0,7.715879549678604
CNOT4,0,0,0,7.5513730578335245
CNOT6L,1,1,0,8.173272558528963
CNST,0,0,0,7.1524700412304645
CNTLN,0,0,0,7.425094377371799
CNTNAP3B,0,0,0,8.647971901282048
COA1,0,0,0,6.912633673803985
COBLL1,0,0,0,8.993956292878684
COG5,1,1,0,6.8145556299446275
COL15A1,0,0,0,7.487293233354264
COL4A1,0,0,0,9.295544105347027
COL4A2,0,0,0,9.198683487567177
COL6A2,1,0,1,7.743768070672441
COMMD1,0,0,0,7.588237841812753
COMMD10,0,0,0,7.9761018448135035
COPA,0,0,0,7.5043858817417
CPAMD8,0,0,0,8.093399289056283
CPD,0,0,0,8.053154139946086
CPEB3,0,0,0,6.925724119764385
CPEB4,0,0,0,7.141290863851343
CPED1,0,0,0,6.822681429946342
CPNE8,0,0,0,8.802373853332814
CPQ,0,0,0,6.887500194475897
CPSF6,0,0,0,7.148361468361644
CPT1A,0,0,0,7.0289358586666
CRADD,0,0,0,7.687845731358721
CREB1,0,0,0,7.690270089931001
CREB5,1,0,1,7.905174282838821
CREBBP,0,0,0,7.638901268434932
CRIM1,1,1,0,9.057307812976775
CRIP2,0,0,0,9.995468273544002
CRK,0,0,0,7.808431103302979
CRLF3,0,0,0,6.338874285070102
CRYAB,0,0,0,8.798259078922309
CRYBG3,1,1,0,8.357171314570742
CSDE1,0,0,0,8.299056168132237
CSGALNACT1,0,0,0,8.284421548498097
CSNK1A1,0,0,0,8.953825873795145
CSNK1E,0,0,0,7.907607158695106
CSNK1G3,0,0,0,6.798165424792582
CSNK2A1,0,0,0,7.256472719402935
CSPP1,0,0,0,6.445090303783043
CST3,0,0,0,10.267913444560774
CTBP2,0,0,0,8.107375174256266
CTDSPL,0,0,0,7.287226919617608
CTDSPL2,0,0,0,6.879732361001398
CTNNA1,0,0,0,9.156201624245847
CTNNB1,0,0,0,9.018763865371707
CTNNBIP1,0,0,0,8.269907121052086
CTNND1,0,0,0,8.35386179564429
CTTNBP2NL,0,0,0,8.115215108078338
CUL1,0,0,0,7.190072481613549
CUL3,0,0,0,7.319428914209757
CUL4A,0,0,0,6.872634216100231
CUL5,0,0,0,7.529876660764595
CUX1,0,0,0,7.794977561573729
CWF19L2,0,0,0,7.259741050136341
CXCL12,1,1,0,8.764144503216295
CXCL2,1,1,0,11.353463505355446
CYFIP1,0,0,0,7.488222355937263
CYP20A1,0,0,0,6.594938512524419
CYP4B1,0,0,0,8.38137859821016
CYSTM1,0,0,0,7.566848022764845
CYTH1,0,0,0,8.19705063617911
CYTH3,0,0,0,7.351438490846362
CYYR1,0,0,0,9.974900893005774
CYYR1-AS1,0,0,0,6.57845534718671
DAAM1,0,0,0,7.623761347690173
DAB2IP,0,0,0,7.829845779882353
DACH1,1,1,0,9.335716062038202
DCAF10,0,0,0,6.944124353173815
DCAF5,0,0,0,7.168208688672615
DCAF6,0,0,0,7.196908561725218
DCLK1,1,1,0,7.672804818422788
DCLK2,0,0,0,6.545805809121681
DCN,0,0,0,7.356535457959942
DDIT4,1,0,1,8.81168219610145
DDX17,0,0,0,9.665687211457877
DDX46,0,0,0,7.692287281312331
DDX5,0,0,0,10.677216460356183
DDX6,0,0,0,7.294150164919796
DDX60L,0,0,0,6.878315523135606
DECR1,0,0,0,7.523092815784316
DENND1A,0,0,0,7.413891759995282
DENND1B,0,0,0,6.418041998189517
DENND2A,1,0,1,7.112054107715362
DENND3,0,0,0,8.346963824985185
DENND4A,0,0,0,7.226162885245676
DENND4C,0,0,0,7.962460023456039
DENND5A,0,0,0,7.447719688232155
DENND6A,0,0,0,7.124059128440198
DEPTOR,0,0,0,7.257017955630471
DES,0,0,0,8.491817064726876
DGKE,0,0,0,7.4756284298253535
DGKH,1,0,1,8.62111662643461
DHRS3,1,1,0,7.149536540746614
DHX15,0,0,0,7.371215639427794
DIAPH1,0,0,0,7.113259115127985
DICER1,0,0,0,8.149096000754115
DIDO1,0,0,0,6.830029014154636
DIP2A,0,0,0,7.500246811204819
DIP2B,0,0,0,7.714292207979878
DIP2C,0,0,0,7.194064130518138
DIS3L2,0,0,0,6.65739894439046
DISC1,0,0,0,7.179757239759892
DLC1,0,0,0,8.571348729985589
DLEU2,0,0,0,8.90473940867098
DLG1,0,0,0,7.638901268434932
DLG2,0,0,0,7.956429941361019
DMTF1,0,0,0,7.055506744219482
DMXL1,0,0,0,6.970959724248476
DNAJB14,0,0,0,7.482172335609233
DNAJB6,0,0,0,8.431991737318471
DNAJC1,0,0,0,8.131660514596621
DNM1L,0,0,0,7.083442762023859
DNM2,0,0,0,7.4376543331657
DNM3,1,0,1,8.001378377186565
DOCK1,0,0,0,9.050090007733953
DOCK4,1,0,1,9.585364324368028
DOCK6,1,0,1,8.33797264089217
DOCK9,0,0,0,10.28037086537278
DPH6,1,1,0,6.773987722880015
DPP8,0,0,0,7.257562985875294
DPYD,0,0,0,8.935549743583836
DPYSL2,0,0,0,8.613472628645932
DPYSL3,0,0,0,7.554924855389026
DST,0,0,0,9.256540885201378
DSTN,0,0,0,8.738409051424998
DTNA,1,0,1,7.899597969421174
DUSP1,0,0,0,10.622836246638347
DYM,0,0,0,7.764240392023009
DYNC1H1,0,0,0,8.35309698114985
DYNC1LI2,0,0,0,7.901342883810095
DYRK1A,0,0,0,8.021092930713788
DYSF,0,0,0,7.576053947608309
EBF1,0,0,0,9.381316082987926
EBF3,0,0,0,7.278660139702713
EEA1,0,0,0,7.359077204637286
EEF1A1,0,0,0,11.821265019000815
EEPD1,1,0,1,8.199889191036567
EFCAB2,0,0,0,6.652434115719278
EFNB2,0,0,0,8.44879396581193
EGFL7,0,0,0,11.158702231783561
EGFR,0,0,0,8.09827583762125
EGLN1,0,0,0,8.097667169732931
EHBP1,0,0,0,7.582158756648833
EHD4,0,0,0,7.495171767452087
EHMT1,0,0,0,7.667892814673386
EIF1,0,0,0,11.232431971320333
EIF2AK2,0,0,0,7.804706575505966
EIF3A,0,0,0,7.857074098915466
EIF3H,0,0,0,7.470465885133106
EIF4A2,0,0,0,8.459729829641077
EIF4G2,0,0,0,9.090113575564962
EIF4G3,0,0,0,8.5461404505677
ELF1,0,0,0,8.709420081153361
ELF2,0,0,0,8.752977928168983
ELK3,0,0,0,8.908214737158872
ELMO1,1,1,0,10.283518662309874
ELOVL5,0,0,0,8.21904465408905
ELP4,0,0,0,7.109037178466861
EMCN,0,0,0,10.542650789341096
EML1,0,0,0,8.4368123751372
EML4,0,0,0,7.367685800097436
EMP1,0,0,0,9.192426039559415
EMP2,0,0,0,9.075505048604127
ENAH,1,1,0,8.157881342269024
ENG,1,1,0,11.115083537914336
ENSA,0,0,0,8.012400030924448
ENTPD1,1,1,0,6.682781861502374
ENTPD1-AS1,0,0,0,6.861204039621226
EP300,0,0,0,7.171682971004021
EPAS1,1,1,0,10.772915875170751
EPB41L2,1,0,1,9.792582032947497
EPB41L4A,1,0,1,8.957855985358579
EPC1,0,0,0,8.057855518343672
EPC2,0,0,0,6.52241267353511
EPHA4,0,0,0,8.792629042349443
EPHB4,0,0,0,7.369199646029508
EPN2,1,0,1,7.981060700661157
EPS15,0,0,0,8.029733765351883
EPSTI1,0,0,0,7.603324422803024
ERBIN,0,0,0,7.981720595488392
ERC1,1,1,0,8.711211754540528
ERG,1,1,0,9.110169266391518
ERICH1,0,0,0,7.309475640970153
ESAM,0,0,0,9.711261491497453
ESR2,1,1,0,6.656572658548349
ESYT2,1,0,1,9.202651415135476
ETFA,0,0,0,7.370207994867264
ETNK1,0,0,0,7.096296727351343
ETS1,0,0,0,9.103060144549621
ETS2,0,0,0,9.486537880408775
ETV6,0,0,0,8.151443994422042
EVA1C,0,0,0,9.278727265213526
EVI5,0,0,0,7.401615519814865
EWSR1,0,0,0,7.77455904954878
EXD3,0,0,0,6.498633960236518
EXOC1,0,0,0,7.365664864672046
EXOC2,0,0,0,6.8804402584841435
EXOC4,0,0,0,8.745420475481355
EXOC6,1,1,0,7.57474240657172
EXOC6B,0,0,0,8.767018398670405
EXT1,0,0,0,9.510286483181385
EYA3,0,0,0,6.526940910274908
EZH1,0,0,0,6.593212284330566
FABP4,0,0,0,12.119447140430589
FABP5,0,0,0,12.368371958359898
FAF1,0,0,0,8.2590607582197
FAM107A,0,0,0,9.999628249688339
FAM120A,0,0,0,7.419260387790595
FAM135A,1,1,0,6.897326421016136
FAM13B,0,0,0,6.856894267810104
FAM168A,0,0,0,6.6516049806154856
FAM174B,0,0,0,6.710117107448883
FAM177A1,1,0,1,8.1499769462573
FAM193A,0,0,0,6.8344196694559445
FAM219A,0,0,0,7.2829498883853425
FAM222B,0,0,0,6.519688893542487
FAR1,0,0,0,7.391222131516172
FAR2,0,0,0,6.710913296785255
FARP1,0,0,0,7.660493308286866
FARS2,0,0,0,7.373228819647564
FAT4,1,1,0,7.611448690205163
FBXL17,0,0,0,7.661729197889193
FBXL20,0,0,0,7.066746147845432
FBXL5,0,0,0,7.508970964389798
FBXL7,0,0,0,9.793709836040055
FBXO11,0,0,0,7.904826393991973
FBXO34,0,0,0,6.974942321783496
FBXO42,0,0,0,6.483803684670258
FBXW11,0,0,0,7.454391122275035
FBXW7,0,0,0,7.84116252471814
FCHO2,0,0,0,7.711112275482335
FCHSD2,0,0,0,9.355071923334908
FDPS,0,0,0,8.610915602573598
FER,0,0,0,8.104651394263643
FERMT2,1,0,1,8.857164006062902
FEZ2,1,1,0,8.422301867689452
FGD4,1,1,0,9.165379660609958
FGD5,0,0,0,7.84225299721215
FGF12,0,0,0,8.275299875825356
FGFR1,0,0,0,7.720235755417604
FHIT,0,0,0,6.711709046965876
FHL2,0,0,0,7.482638623603236
FILIP1,0,0,0,7.806942445834752
FILIP1L,0,0,0,8.16661350878956
FKBP5,1,1,0,9.533537967860276
FKBP9,0,0,0,8.26449413265194
FLI1,0,0,0,9.481180972943852
FLNB,1,1,0,8.497365454063928
FLT1,0,0,0,11.441631948122694
FMNL2,1,0,1,7.870319779183603
FMNL3,1,0,1,6.944801356959532
FMO2,0,0,0,9.255586270809216
FNBP1,0,0,0,7.100556057853933
FNBP1L,0,0,0,8.670657874338186
FNDC3A,0,0,0,7.753074562017499
FNDC3B,0,0,0,8.96354610715858
FNIP2,0,0,0,7.772272384099695
FOCAD,0,0,0,6.902911504365474
FOXJ3,0,0,0,7.711510150565079
FOXK2,0,0,0,6.57321076689101
FOXN3,1,0,1,10.479517452731002
FOXO1,0,0,0,8.318253815238233
FOXO3,0,0,0,8.824613795949983
FOXP1,0,0,0,9.429152082867263
FRMD3,1,1,0,8.540552933742578
FRMD4A,0,0,0,9.1491694334287
FRS2,0,0,0,6.419990927956878
FRY,0,0,0,8.368316762294631
FRYL,1,1,0,9.869294900418577
FTH1,0,0,0,11.889292765468262
FTO,0,0,0,7.79460205531422
FUBP1,0,0,0,7.243875074460226
FUS,0,0,0,8.728024267054542
FUT8,1,1,0,7.735966537312835
FXR1,0,0,0,7.448674641132081
FYN,1,0,1,8.49713469669925
FZD4,1,0,1,7.811774976900923
GAB1,0,0,0,6.783101909807764
GAB2,0,0,0,7.0218951856646115
GALK2,0,0,0,6.8417078639954285
GALNT15,0,0,0,7.843705679566118
GALNT18,1,1,0,9.951427657540401
GAPDH,0,0,0,10.603833532060035
GAS6,0,0,0,7.489614918826167
GATAD2A,0,0,0,7.053624967812399
GATAD2B,1,1,0,6.925038102138102
GBE1,0,0,0,8.84524755351888
GBF1,0,0,0,7.155982386339356
GCC2,0,0,0,7.24772079847629
GFOD1,0,0,0,9.342154088880228
GHR,1,1,0,6.69329482031612
GIGYF2,0,0,0,7.330350594292607
GIMAP7,0,0,0,9.869027420959021
GIMAP8,1,1,0,8.2590607582197
GIT2,0,0,0,6.972952397273682
GLCE,0,0,0,7.416822578760238
GLG1,0,0,0,7.727335841036078
GLIS3,0,0,0,6.537751039210906
GLS,0,0,0,8.020129635524947
GMDS,0,0,0,8.191356716441241
GNAI1,0,0,0,7.613153248124192
GNAI2,0,0,0,10.005561929695487
GNAQ,0,0,0,9.455876079320818
GNAS,0,0,0,9.87339005431328
GNB1,0,0,0,8.9317982739563
GNG11,0,0,0,11.059751319947697
GOLGA4,0,0,0,8.323469166750264
GOLGB1,0,0,0,7.714292207979878
GOLPH3,0,0,0,7.040383355685009
GON4L,0,0,0,7.3478598691368076
GPATCH8,0,0,0,7.663786664069179
GPBP1,0,0,0,8.248132232969564
GPBP1L1,0,0,0,7.18090702666346
GPHN,0,0,0,9.112280123283995
GPRC5B,0,0,0,8.181625178423468
GRB10,0,0,0,9.509257048794726
GRB2,0,0,0,7.251008993725128
GRK5,0,0,0,8.148508404761515
GSE1,1,1,0,7.573867383017443
GSK3B,0,0,0,8.236567481336643
GSN,0,0,0,10.874434237872576
GTF2I,0,0,0,8.282012595179955
GULP1,0,0,0,7.040383355685009
GYPC,0,0,0,9.804473472947592
HADHB,0,0,0,7.572115742139473
HDAC4,0,0,0,6.481005955853819
HDAC7,0,0,0,8.097667169732931
HDAC9,1,0,1,7.302097458469859
HEATR5B,0,0,0,6.999913298880912
HECTD1,0,0,0,8.128088380203694
HECTD4,0,0,0,7.148361468361644
HECW2,1,0,1,9.148141035698165
HEG1,0,0,0,8.643808576725096
HELZ,0,0,0,7.3817536326668165
HERC1,0,0,0,9.060903219100332
HERC2,1,1,0,7.840435084873715
HERC4,0,0,0,8.125702034094195
HERC6,0,0,0,6.798165424792582
HES1,0,0,0,8.49551836085697
HGSNAT,0,0,0,7.272740830596958
HIBCH,0,0,0,7.26733848374543
HIF1A,1,1,0,7.463868542075841
HIF3A,0,0,0,9.612247952496416
HIP1,0,0,0,8.147332494321772
HIPK2,0,0,0,9.134259631317166
HIPK3,0,0,0,8.734303262523124
HIVEP1,1,1,0,6.813073281968451
HIVEP2,0,0,0,7.110848092981901
HIVEP3,0,0,0,6.751721098769237
HK1,0,0,0,6.940734560634771
HLA-A,1,1,0,11.349826014687887
HLA-B,1,1,0,11.991470342185147
HLA-C,1,1,0,11.930314178943496
HLA-E,1,1,0,11.39789673444692
HMBOX1,0,0,0,7.373731676062865
HMCN1,1,1,0,9.116041845901478
HMGB1,0,0,0,10.098542049093746
HMGN3,0,0,0,7.916607804820561
HNRNPA2B1,0,0,0,10.141918307116798
HNRNPA3,0,0,0,9.072100822119845
HNRNPC,0,0,0,8.516618481623766
HNRNPD,0,0,0,8.085439572087806
HNRNPDL,0,0,0,8.852842130399747
HNRNPH1,1,1,0,8.627666659107545
HNRNPM,0,0,0,8.291092057149195
HNRNPU,0,0,0,8.652744918572994
HOOK3,0,0,0,7.6380643169736695
HP1BP3,0,0,0,8.079903159635963
HPCAL1,0,0,0,8.204419293994162
HSD17B11,0,0,0,7.954414300039935
HSD17B12,1,1,0,8.417676280571888
HSDL2,0,0,0,6.600104838693146
HSP90AA1,0,0,0,11.033219427735943
HSP90AB1,1,1,0,10.088238131072975
HSP90B1,0,0,0,9.088889071716892
HSPA12B,1,0,1,7.875300114686137
HSPG2,0,0,0,9.644277550971834
HTT,0,0,0,6.6154937317065725
HUS1,1,0,1,7.0592629495287325
HYAL2,0,0,0,9.828424924644873
ICA1,0,0,0,7.914190072560628
ICAM2,0,0,0,10.088621072902715
ID1,0,0,0,11.613565767981337
ID2,0,0,0,8.91098898483236
ID3,1,1,0,10.911357038614119
IER2,0,0,0,9.514396890890229
IFI16,0,0,0,9.489324912384422
IFI27,1,1,0,12.17929886612879
IFI44,0,0,0,7.719840279800849
IFI44L,0,0,0,8.718158297942114
IFITM2,0,0,0,11.238794702299144
IFITM3,0,0,0,12.70613579558145
IFNGR1,0,0,0,9.443833678893512
IGF1R,1,1,0,8.150270475259513
IGF2R,0,0,0,7.420234359163207
IGFBP4,1,0,1,10.07863140049204
IGFBP5,1,0,1,7.938526916683118
IGFBP7,0,0,0,11.047787630196272
IL32,1,0,1,10.278425175816565
IL4R,0,0,0,7.543349397190148
IL6ST,0,0,0,9.174066695984889
ILK,1,0,1,7.848054970761312
IMMP2L,0,0,0,8.934527582562707
INO80,0,0,0,6.54044096237841
INPP1,0,0,0,7.610168948807627
INPP4A,0,0,0,6.936656268050691
INSR,1,0,1,8.373354550184128
INTS6,0,0,0,7.652641325061234
INVS,0,0,0,7.236705703616114
IP6K1,0,0,0,6.322297355362526
IP6K2,0,0,0,7.795728281008329
IPO9-AS1,1,0,1,6.685214737358659
IQCK,0,0,0,7.543796328742945
IQGAP1,0,0,0,8.620904839141087
IQSEC1,0,0,0,7.021253417397405
IRAK3,0,0,0,8.49551836085697
IRF2,0,0,0,7.2087943079869765
ITCH,0,0,0,7.699124711365885
ITFG1,0,0,0,8.170670502639622
ITGA1,0,0,0,10.553899062090697
ITGA6,1,0,1,10.307864884733252
ITGA9,0,0,0,7.535280862648254
ITGAV,0,0,0,7.490078807910835
ITGB1,0,0,0,9.745177593438846
ITGB5,0,0,0,7.334489582366273
ITM2B,0,0,0,10.898528166225889
ITPKB,0,0,0,8.388612042856051
ITPR1,0,0,0,7.214419953800751
ITPR2,0,0,0,9.1838491797723
ITPR3,0,0,0,7.086513633853577
ITSN2,0,0,0,8.31903732089157
JAG1,1,1,0,7.661317352313776
JAK1,0,0,0,8.47551130418771
JAK2,0,0,0,6.76174520939723
JAM2,0,0,0,8.224072931177606
JARID2,1,0,1,7.823601927036773
JAZF1,0,0,0,7.259196842268369
JMJD1C,0,0,0,9.942811753589028
JUN,0,0,0,10.408595100881719
KALRN,1,0,1,9.514168841881117
KANK3,0,0,0,8.691178175100543
KANSL1,1,1,0,7.885914718357111
KANSL1L,0,0,0,7.099340388904068
KAT2B,0,0,0,6.602681080522179
KAT6A,0,0,0,8.459966647606299
KATNBL1,0,0,0,7.369703908544564
KCMF1,0,0,0,7.286692983623028
KCNB1,0,0,0,7.274357597715235
KCNQ1OT1,1,0,1,8.97519086946968
KDM2A,0,0,0,7.696313222367476
KDM3B,0,0,0,6.711709046965876
KDM4C,0,0,0,6.746294512421554
KDM5A,0,0,0,7.303681677195179
KDM7A,0,0,0,7.495171767452087
KDR,1,1,0,8.848688148318496
KHDRBS1,0,0,0,7.840435084873715
KIAA0232,0,0,0,6.663992249397762
KIAA0319L,0,0,0,7.011592477004181
KIAA1217,0,0,0,10.841594268644009
KIAA1328,0,0,0,6.9077807786533025
KIAA1549,0,0,0,6.823417874597805
KIAA1671,0,0,0,8.126597376514876
KIDINS220,0,0,0,7.573429672140028
KIF13A,0,0,0,8.361234174010988
KIF13B,1,1,0,6.752494661812376
KIF1B,0,0,0,7.971125885497251
KIF5B,0,0,0,8.365538462162577
KITLG,0,0,0,7.55092846767873
KLC1,0,0,0,7.348883238600458
KLF12,1,0,1,9.034909429906493
KLF3,0,0,0,8.30723982159791
KLF6,0,0,0,9.221072040664824
KLF7,0,0,0,8.585744173740625
KLF9,0,0,0,8.525018146030037
KLHDC10,0,0,0,6.673826050886248
KLHL2,0,0,0,6.850405373628644
KLHL20,0,0,0,7.002516854815819
KLHL24,0,0,0,7.22393349319935
KLHL5,1,0,1,8.400258733885789
KMT2A,0,0,0,7.643078758079994
KMT2C,0,0,0,8.605787913949912
KMT2E,0,0,0,8.99199244021418
KMT5B,0,0,0,6.931200548796898
KPNA1,0,0,0,7.179757239759892
KPNA3,0,0,0,7.156566946736692
KPNA4,0,0,0,7.193494570684096
KPNB1,0,0,0,7.632612265272439
KRIT1,0,0,0,7.045442120599631
KTN1,0,0,0,9.12204027475337
L3MBTL4,1,0,1,6.740847437295816
LAMA2,0,0,0,8.69601166618295
LAMA4,0,0,0,7.779501092729705
LAMA5,0,0,0,8.040541710884211
LAMB1,0,0,0,7.848416820535189
LAMC1,0,0,0,7.73008757628073
LAP3,0,0,0,9.413219274636589
LARGE1,0,0,0,7.829479241506172
LARP4B,0,0,0,7.324640027120948
LATS2,0,0,0,7.337070432859352
LCOR,0,0,0,7.22002374814827
LCORL,0,0,0,7.205973237395295
LDB2,0,0,0,11.34640351464862
LDLRAD4,0,0,0,9.582321923606187
LGALS3,1,1,0,11.271746292781026
LIFR,1,1,0,9.132923527561656
LIMA1,1,1,0,8.112506103450109
LIMCH1,0,0,0,9.653210997345393
LIMK2,0,0,0,6.853292930341198
LIMS1,0,0,0,7.663786664069179
LIMS2,0,0,0,9.421025227028911
LINC00639,1,1,0,7.968132051043128
LINC01515,0,0,0,6.906391233599203
LIPE-AS1,0,0,0,6.7724630780449715
LMBR1,0,0,0,8.208935216815616
LMCD1,0,0,0,7.7511406541664005
LMCD1-AS1,0,0,0,6.419016792173149
LMNA,0,0,0,8.685518558575088
LNX1,0,0,0,9.423091603293802
LONP2,0,0,0,7.523092815784316
LPAR6,0,0,0,9.064022392340421
LPGAT1,0,0,0,7.146597063281281
LPL,1,0,1,9.117693901614983
LPP,0,0,0,9.03998739162574
LRBA,0,0,0,7.943616391766929
LRCH1,1,1,0,8.557693625748868
LRCH3,0,0,0,7.165307048432834
LRP6,0,0,0,6.642452905257994
LRRC8A,0,0,0,7.842616304955418
LRRFIP1,0,0,0,8.920312879676743
LRRFIP2,0,0,0,7.6254514284702335
LSM14A,1,1,0,7.3215156186645105
LSS,0,0,0,6.931200548796898
LTBP1,1,1,0,7.041016672218835
LUC7L,0,0,0,7.119868724960468
LUC7L3,0,0,0,8.708822361890197
LUZP1,0,0,0,7.8058249438107215
LYST,0,0,0,7.227276290696183
MACF1,1,0,1,9.672447216208312
MAGI1,0,0,0,9.936698809740069
MAGI2,0,0,0,6.50690948029402
MAGI3,0,0,0,7.3986536127880775
MALAT1,1,0,1,16.298130836240404
MALT1,0,0,0,7.715482877957411
MAML2,0,0,0,8.474105054341118
MAML3,1,1,0,8.131957793608779
MAN1A1,0,0,0,7.508513111310458
MAN1A2,0,0,0,7.049854035478012
MAN2A1,0,0,0,6.6631697322484085
MAP2,0,0,0,7.833871567743195
MAP2K4,0,0,0,6.739287345182839
MAP2K5,0,0,0,7.044810744204044
MAP3K1,0,0,0,7.228944789387424
MAP3K2,0,0,0,7.482172335609233
MAP3K3,0,0,0,6.911248797248506
MAP3K4,0,0,0,6.6441212431610435
MAP3K6,0,0,0,7.9228062892896665
MAP3K8,1,1,0,7.280270290585126
MAP4,1,1,0,9.159121617229484
MAP4K3,1,1,0,8.134333823034593
MAP4K4,0,0,0,8.312757328934664
MAP4K5,0,0,0,7.424609111628614
MAPK1,0,0,0,7.205973237395295
MAPK14,1,1,0,6.8344196694559445
MAPK8,0,0,0,7.684201537625401
MAPKAP1,0,0,0,7.090801902525193
MARK3,0,0,0,8.234907780214984
MAST4,1,1,0,9.227345850014482
MAX,0,0,0,7.24607388615031
MB,0,0,0,8.97137509149313
MBD2,0,0,0,7.132997788019318
MBD5,0,0,0,8.623232791157099
MBNL1,0,0,0,9.937634409669673
MBNL2,0,0,0,8.713795805318377
MBTD1,0,0,0,6.358315150719987
MCC,0,0,0,9.185998179734037
MCF2L,1,0,1,9.534100422074374
MCL1,0,0,0,8.606643795348921
MCPH1,0,0,0,7.278660139702713
MCTP1,0,0,0,9.08382697866063
MCU,0,0,0,7.190643393785973
MDFIC,0,0,0,7.728122586817478
MDM4,0,0,0,7.371215639427794
ME3,0,0,0,6.755584772853765
MECOM,1,1,0,10.910144271196682
MED13,0,0,0,7.642661553033452
MED13L,0,0,0,9.622968440255601
MEF2A,0,0,0,10.116980745985956
MEF2C,1,0,1,9.829066774489338
MEF2C-AS1,0,0,0,6.636598482565511
MEOX2,0,0,0,8.172694729326931
METTL15,0,0,0,7.080981349542145
MFSD6,0,0,0,7.878492703982115
MGAT1,0,0,0,8.539656919403777
MGAT4A,0,0,0,8.412791166140845
MGAT5,0,0,0,7.705130944191249
MGLL,1,0,1,10.990907083458298
MGMT,0,0,0,7.586937335377732
MGP,0,0,0,9.418346692068216
MGST2,0,0,0,8.724480285642779
MGST3,0,0,0,8.994937217642558
MIB1,1,1,0,6.96296139445705
MICAL3,0,0,0,6.9762674149107635
MICU1,0,0,0,6.975605020481822
MICU2,0,0,0,6.956262078769535
MIER1,0,0,0,7.476565092764205
MIR181A1HG,0,0,0,7.328795407249208
MIR4435-2HG,0,0,0,8.110998899969013
MIR99AHG,0,0,0,7.305791266371494
MIRLET7BHG,0,0,0,7.282414366834691
MIS18BP1,0,0,0,6.827094469454282
MKLN1,0,0,0,8.779785694744284
MLEC,1,0,1,8.157881342269024
MLLT10,0,0,0,7.701930732057706
MLLT3,0,0,0,7.168788317061645
MMRN2,0,0,0,9.152689813497002
MNAT1,0,0,0,7.066124028370122
MON2,0,0,0,7.925895573212907
MORF4L1,0,0,0,8.840344129097694
MPDZ,0,0,0,8.17846263322524
MPHOSPH8,0,0,0,7.8816782438848065
MPPED2,0,0,0,6.782344589558936
MPRIP,0,0,0,7.468584006449979
MSH3,0,0,0,6.484735056581812
MSI2,0,0,0,7.134185435784177
MSRB3,0,0,0,7.689866312978775
MT2A,0,0,0,12.269780486283642
MTDH,0,0,0,8.239053458472537
MTF2,0,0,0,6.809360734781044
MTMR3,0,0,0,6.996652232752601
MTSS1,0,0,0,8.348243717759768
MTUS1,0,0,0,9.622439593093928
MX1,0,0,0,7.862816890589527
MXD4,0,0,0,7.811774976900923
MYCBP2,0,0,0,8.385872590030557
MYCT1,0,0,0,8.453083094536574
MYH10,0,0,0,6.827828665419689
MYH7,0,0,0,9.048516129826385
MYH9,0,0,0,9.547088180017903
MYL12A,0,0,0,10.887522202714193
MYL12B,0,0,0,10.303714663260386
MYL2,0,0,0,9.23760382578239
MYL3,0,0,0,8.342860521062866
MYL6,0,0,0,11.086302720533604
MYO10,0,0,0,7.7426005267396425
MYO15B,0,0,0,6.804147066078403
MYO1C,0,0,0,8.096449063029738
MYO1D,0,0,0,7.27704818976866
MYO1E,0,0,0,8.532919014850536
MYO6,0,0,0,8.116417479262333
MYO9A,0,0,0,7.995182344657147
MYO9B,0,0,0,7.133591734112882
MYRIP,0,0,0,7.430421555445399
N4BP2L2,0,0,0,9.542175542697418
NAV1,1,0,1,8.769695545779994
NAV2,1,0,1,8.169802106722017
NAV3,1,0,1,7.253743443067034
NBAS,0,0,0,7.248269351730385
NBEA,0,0,0,7.371215639427794
NBEAL1,0,0,0,8.196482254396564
NCALD,0,0,0,8.977012245294036
NCK1,0,0,0,7.919710375996702
NCK2,0,0,0,6.954246202743981
NCKAP1,0,0,0,8.529086853894972
NCOA1,0,0,0,8.69178324782333
NCOA2,0,0,0,8.175581563788699
NCOA3,0,0,0,9.83884253030104
NCOA6,0,0,0,6.788392049462972
NCOA7,0,0,0,7.645162975490868
NCOR1,0,0,0,8.410587456383103
NDEL1,0,0,0,6.919538185862119
NDFIP1,0,0,0,7.714292207979878
NDRG1,0,0,0,8.669634395974539
NDUFS4,0,0,0,7.248817696488369
NEAT1,1,0,1,12.523326540646812
NEBL,1,1,0,8.346707710118386
NEDD4,0,0,0,8.080827371737325
NEDD9,0,0,0,9.967923914991278
NEK7,0,0,0,7.954078085859693
NEMF,0,0,0,7.712305571696676
NEURL1B,1,0,1,8.432233152151847
NF1,0,0,0,8.231860026930608
NFAT5,0,0,0,8.735281891675347
NFATC3,0,0,0,7.01029944976917
NFE2L2,0,0,0,8.32034221881057
NFIA,0,0,0,9.599943670727734
NFIB,0,0,0,10.478056643532794
NFIC,0,0,0,7.2228175039417
NFKBIA,0,0,0,11.043487904282163
NIPBL,0,0,0,8.412546475665211
NKTR,0,0,0,10.106429999992654
NLK,0,0,0,8.245387117421728
NLRC5,0,0,0,7.116868110233009
NLRP1,0,0,0,7.748040999334418
NMT2,0,0,0,7.298923792572123
NOD1,1,1,0,7.682578936536726
NOSTRIN,1,1,0,8.341575841511467
NOTCH1,0,0,0,7.594722846922569
NOTCH4,1,1,0,8.869161166887723
NOVA2,0,0,0,7.17860653577794
NPDC1,0,0,0,9.200810520153507
NPEPPS,0,0,0,7.1826299906909625
NPLOC4,0,0,0,6.743184416814751
NPTN,0,0,0,7.220582932279646
NR2C2,0,0,0,6.793662861842545
NR3C1,0,0,0,8.418894978938738
NR3C2,0,0,0,8.055663448183237
NR4A1,0,0,0,8.886707674214993
NR5A2,0,0,0,6.876897292457729
NRDC,0,0,0,7.444372366450044
NRF1,0,0,0,6.746294512421554
NRP1,1,0,1,10.415388442646925
NSD1,0,0,0,7.468113152972925
NSMCE2,0,0,0,7.717465146805803
NSRP1,0,0,0,7.960117985537657
NT5C2,0,0,0,7.503467113972461
NUAK1,0,0,0,8.479721848033494
NUCB2,0,0,0,7.919710375996702
NUCKS1,0,0,0,8.383876988376302
NUMB,0,0,0,8.781871062446374
NUP214,0,0,0,7.06923194650632
NUP98,0,0,0,7.007709913438499
NUTM2A-AS1,0,0,0,7.7718909205752915
NUTM2B-AS1,0,0,0,7.911075594169975
OCIAD1,0,0,0,8.01562573386892
ODF2L,0,0,0,7.8440686217166835
OLA1,0,0,0,6.773987722880015
OPA1,0,0,0,6.925724119764385
OSBPL1A,0,0,0,8.940649713689064
OSBPL8,0,0,0,7.737530222647747
OSBPL9,0,0,0,7.1524700412304645
OSMR,0,0,0,8.704631378743933
OSTF1,0,0,0,7.818070114120864
OXNAD1,0,0,0,6.6043960228232415
OXR1,0,0,0,7.7107142906409445
P4HA1,0,0,0,7.300511498206565
PABPC1,0,0,0,8.286826486148538
PACS1,0,0,0,7.368695207198884
PACSIN2,0,0,0,7.281878646427166
PAFAH1B1,0,0,0,8.147038366891417
PAK2,0,0,0,7.951385547966957
PALD1,1,0,1,6.730676551606685
PALLD,1,0,1,7.2020144480487716
PALMD,1,1,0,9.792958065280356
PAM,0,0,0,8.868804483520831
PAN3,0,0,0,8.210906496701904
PAPOLA,0,0,0,8.148508404761515
PAPSS2,0,0,0,8.544131436570138
PARD3B,0,0,0,8.325550039792367
PARG,0,0,0,6.272471193171468
PARP14,0,0,0,9.132626447500707
PARP4,0,0,0,6.909862590040355
PARP9,0,0,0,7.81843956227676
PARVB,0,0,0,8.127193962914731
PAXBP1,0,0,0,6.510572306865507
PBRM1,0,0,0,7.721816574686456
PBX1,0,0,0,7.770364057047787
PBX3,0,0,0,6.527844854565689
PCAT1,1,1,0,6.606964620013723
PCAT19,1,0,1,8.749494791779721
PCBP2,0,0,0,8.448555306582124
PCCA,0,0,0,7.522185888178847
PCED1B,0,0,0,7.227276290696183
PCGF5,0,0,0,6.944801356959532
PCM1,0,0,0,8.105862598063098
PCMTD1,0,0,0,7.960117985537657
PCNX1,1,1,0,8.249776798597507
PCSK5,1,1,0,6.465992408553799
PDCD6IP,0,0,0,8.123012668077626
PDE10A,0,0,0,8.022696994744823
PDE4D,0,0,0,8.53224349039264
PDE7A,0,0,0,6.314984620454116
PDE7B,0,0,0,8.33616766026598
PDE8A,0,0,0,7.981390685804611
PDGFB,1,1,0,7.972454486987155
PDIA3,0,0,0,8.952648300818593
PDK4,0,0,0,8.069076709508174
PDLIM1,0,0,0,10.7188758535671
PDLIM5,0,0,0,9.19896727316748
PDS5A,0,0,0,7.669941515728949
PDS5B,0,0,0,7.877074647555486
PDSS2,0,0,0,7.0580119674075235
PDXDC1,1,1,0,7.06985272751456
PDZD2,1,1,0,8.55813613630855
PEAK1,1,0,1,9.579926956755516
PECAM1,1,1,0,10.587452259364843
PELI1,0,0,0,7.8476930302072585
PGM5,1,0,1,8.19477576425273
PHACTR1,1,1,0,7.456766320442237
PHACTR2,0,0,0,10.094124194350783
PHACTR4,0,0,0,8.030690671228811
PHC3,0,0,0,7.442935419079369
PHF14,0,0,0,8.114011733978007
PHF20,0,0,0,7.286692983623028
PHF20L1,0,0,0,7.379251559474826
PHF21A,0,0,0,7.379752321382279
PHF3,0,0,0,7.480772566701666
PHIP,0,0,0,8.256336378143004
PHKB,0,0,0,8.214840994235926
PHLDB2,0,0,0,7.224491164269645
PHLPP1,0,0,0,7.572553851781737
PHYKPL,0,0,0,6.8446128638008075
PI4KA,0,0,0,6.781586871557858
PIAS1,0,0,0,8.162836057380417
PIAS2,0,0,0,7.053624967812399
PIBF1,0,0,0,7.758475753129603
PICALM,0,0,0,9.437954913419905
PIK3C2A,0,0,0,9.382191049683106
PIK3C2B,0,0,0,7.22002374814827
PIK3C3,0,0,0,6.916780345039733
PIK3CA,0,0,0,7.2082305350056375
PIK3CB,1,0,1,7.424609111628614
PIKFYVE,0,0,0,6.805638609287906
PIP4K2A,0,0,0,6.935294271215157
PIP5K1A,0,0,0,6.57670927128112
PIP5K1C,0,0,0,7.11626723765419
PITPNB,0,0,0,7.834236992020957
PITPNC1,1,0,1,10.32571248166939
PITPNM2,0,0,0,7.85599477589189
PJA2,0,0,0,7.541560285144535
PKIG,0,0,0,7.9429388315615
PKN1,0,0,0,7.5650878333857365
PKN2,0,0,0,8.185640235298287
PKN3,0,0,0,7.364147303128657
PKP4,0,0,0,8.830670150900497
PLAGL1,0,0,0,7.8309448365943854
PLCB1,0,0,0,10.289127462257708
PLCB4,0,0,0,8.155251352606516
PLCG1,0,0,0,7.205408360708011
PLCG2,1,1,0,7.992238068041603
PLCL1,0,0,0,6.982874685634643
PLCL2,1,1,0,6.486595998524314
PLEKHA1,0,0,0,7.676070220956214
PLEKHA5,0,0,0,6.786882559353106
PLEKHG1,1,0,1,9.754378485854868
PLOD2,0,0,0,6.879732361001398
PLPP1,0,0,0,10.061878685364821
PLPP3,0,0,0,8.73018575553429
PLSCR1,1,1,0,9.29594212678809
PLSCR4,0,0,0,7.482638623603236
PLXDC2,0,0,0,10.48906385673419
PLXNA2,0,0,0,9.078592844829975
PLXND1,0,0,0,7.644746372819509
PML,0,0,0,7.864964557589625
PNISR,0,0,0,8.78206049194256
PNN,0,0,0,7.845881964138533
PODXL,0,0,0,9.015706284107118
POGZ,0,0,0,7.546475014409701
POLK,0,0,0,7.357552694061235
POLR2B,0,0,0,6.964297532585329
POU2F1,0,0,0,7.207666541628287
PPA2,0,0,0,7.187786570989315
PPARG,0,0,0,8.941497958681099
PPFIBP1,1,0,1,10.146265996964143
PPIG,0,0,0,7.990927569447221
PPM1D,0,0,0,7.076663746795789
PPM1H,0,0,0,6.71250435847493
PPP1R12A,0,0,0,8.408625773353384
PPP1R12B,0,0,0,7.465284800410345
PPP1R13B,0,0,0,8.086360245406153
PPP1R16B,0,0,0,8.044021134945162
PPP2R2A,0,0,0,7.967132724029569
PPP2R3C,0,0,0,6.635760193732577
PPP2R5A,1,0,1,7.378249513912132
PPP2R5C,0,0,0,7.313150630324957
PPP2R5E,0,0,0,7.511258052758584
PPP3CA,0,0,0,9.158829883738598
PPP3CB,0,0,0,6.992074320803371
PPP3CC,0,0,0,8.929405886014234
PPP4R1,0,0,0,7.062385667286632
PPP4R3A,0,0,0,7.014819984034577
PPP4R3B,0,0,0,7.301040345368238
PPP6C,0,0,0,6.849682580506867
PPP6R2,0,0,0,7.235046161591608
PPP6R3,0,0,0,8.27637601203629
PRCP,0,0,0,7.198612532444041
PRDM2,0,0,0,7.01546461989914
PREX1,1,1,0,7.4255794799456
PREX2,0,0,0,9.213507277766928
PRICKLE2,1,1,0,6.9332488620243975
PRKAA1,0,0,0,7.537975391134363
PRKAR2A,0,0,0,7.598599903710362
PRKCE,0,0,0,8.084518310855422
PRKCH,0,0,0,9.348691412112744
PRKD1,0,0,0,8.482288921737291
PRKD2,0,0,0,7.051112108407868
PRKD3,0,0,0,7.669122384384934
PRKDC,0,0,0,7.41144485465822
PRKG1,0,0,0,7.327238541946084
PRKRIP1,0,0,0,6.46881937557374
PRMT2,0,0,0,7.379752321382279
PRPF40A,0,0,0,7.660493308286866
PRRC2C,0,0,0,8.87325669987025
PRSS23,0,0,0,7.520824426887917
PSAP,0,0,0,8.816498903119918
PSD3,1,0,1,8.045599921533984
PSEN1,0,0,0,6.673009122755196
PSMA3,1,1,0,8.351055491408454
PSMD1,0,0,0,7.498403405694934
PSPC1,0,0,0,7.062385667286632
PTBP2,0,0,0,7.6250290938533745
PTBP3,0,0,0,7.81103256338093
PTGES3,0,0,0,8.67494857228327
PTK2,0,0,0,9.527449448628083
PTMA,0,0,0,11.622267676017715
PTPN12,0,0,0,9.033318894448673
PTPN14,0,0,0,7.579545572464081
PTPN4,0,0,0,7.03594233841993
PTPN9,0,0,0,6.271392139238674
PTPRA,0,0,0,7.600749330569349
PTPRB,1,1,0,10.665969511633103
PTPRG,0,0,0,11.029913233556266
PTPRK,1,1,0,8.049067182422844
PTPRM,0,0,0,11.565789416231121
PUM1,0,0,0,7.838979103883845
PUM2,0,0,0,7.8302122251576
PXDN,1,0,1,7.696715199255251
PXN,1,0,1,8.572882346726244
QKI,1,0,1,9.423213062718094
R3HDM1,0,0,0,7.233384708385845
R3HDM2,0,0,0,7.1745718286791185
RAB10,0,0,0,7.975439374343414
RAB11A,0,0,0,9.097743267263919
RAB1A,0,0,0,8.304605002052865
RAB2A,0,0,0,8.531116912917863
RAB3GAP1,0,0,0,7.477033196285797
RAB3GAP2,0,0,0,7.018683485671941
RAB6A,0,0,0,7.915226739700483
RAB7A,0,0,0,8.501742845760889
RABEP1,0,0,0,7.161817359069446
RABGAP1,0,0,0,7.957772139425861
RABGAP1L,0,0,0,8.862369057265774
RAC1,0,0,0,10.049972026430538
RAD23B,0,0,0,7.473284108476083
RAD51B,1,0,1,8.006575528062871
RAF1,0,0,0,7.169946875679128
RAI14,0,0,0,7.18320385507438
RALA,0,0,0,7.047964866669143
RALGAPA1,0,0,0,8.199321926686041
RALGAPA2,0,0,0,8.937591895560404
RALGAPB,0,0,0,6.950205980619085
RALY,0,0,0,7.711510150565079
RAMP2,0,0,0,9.480597500056788
RAMP3,1,0,1,9.621169568400482
RANBP17,0,0,0,7.252650285188713
RANBP2,0,0,0,7.293618785524879
RANBP9,0,0,0,6.640782635848982
RAP1A,0,0,0,8.560346655458382
RAP1B,0,0,0,8.84524755351888
RAP1GDS1,0,0,0,7.062385667286632
RAPGEF1,1,0,1,9.946957188740736
RAPGEF2,1,1,0,9.676121184272569
RAPGEF3,0,0,0,7.9429388315615
RAPGEF4,0,0,0,7.723001053440092
RAPGEF5,1,0,1,9.077204154309063
RAPH1,0,0,0,7.502547760721092
RASA1,0,0,0,7.673213398159557
RASA2,0,0,0,7.210484306275767
RASAL2,1,0,1,10.384282568430475
RASGRF2,0,0,0,9.349714192103928
RASGRP3,0,0,0,7.63177165633918
RASIP1,1,0,1,8.500131667341005
RASSF1,0,0,0,7.588237841812753
RASSF3,0,0,0,7.111451226368984
RASSF8,1,1,0,7.166468404938204
RB1,0,0,0,8.802747342440043
RB1CC1,0,0,0,7.552261827330839
RBFOX2,1,1,0,7.497019304174422
RBL2,0,0,0,7.243324847511951
RBM17,0,0,0,8.847602530879005
RBM25,0,0,0,8.29428297919293
RBM26,0,0,0,7.575616899728296
RBM33,0,0,0,7.314198910146474
RBM39,0,0,0,9.068999084744716
RBM5,0,0,0,7.532581292159855
RBM6,0,0,0,8.68693554553988
RBMS1,1,0,1,8.75433021338934
RBMS2,0,0,0,8.38960691922744
RBMS3,0,0,0,9.91949513511712
RBMS3-AS2,1,1,0,6.57321076689101
RBMS3-AS3,1,1,0,6.7156812274512125
RBPJ,0,0,0,7.448674641132081
RBPMS,0,0,0,9.015706284107118
RC3H1,0,0,0,7.451059261577287
RC3H2,0,0,0,7.220582932279646
RCOR3,0,0,0,6.706129556428039
RCSD1,1,0,1,6.6491147123776875
RDX,1,1,0,8.764528020209552
REEP3,0,0,0,8.67045323674339
RERE,0,0,0,8.973367191285018
REV3L,0,0,0,7.628825661941454
RFTN1,0,0,0,9.53038416552341
RFX3,0,0,0,8.052526130341702
RFX7,0,0,0,6.634921417522387
RGS3,1,1,0,7.915917437519009
RGS6,1,0,1,7.628825661941454
RHOA,0,0,0,9.783243863107298
RHOB,0,0,0,9.864919847121167
RHOJ,0,0,0,7.790841607359826
RIC1,0,0,0,7.04228247185335
RICTOR,0,0,0,7.851669390892834
RIMKLB,1,1,0,7.263001993414063
RIN2,1,0,1,9.614270770758358
RIN3,0,0,0,7.438615969622493
RLF,0,0,0,6.750947120724446
RNASE1,0,0,0,11.10830084464954
RNF10,0,0,0,6.892421673559533
RNF111,0,0,0,7.1542272826668265
RNF115,0,0,0,8.905782886535208
RNF125,1,0,1,7.9296624031358265
RNF13,0,0,0,7.687845731358721
RNF130,0,0,0,7.695911133446009
RNF144A,0,0,0,7.2657138269961585
RNF144B,1,1,0,8.92683820313268
RNF145,0,0,0,7.636388956017922
RNF149,0,0,0,6.7694089460954
RNF19A,0,0,0,8.292422465802025
RNF213,0,0,0,8.323469166750264
RNF216,0,0,0,7.179182002495138
RNF220,0,0,0,6.876897292457729
RNF38,0,0,0,7.513997781464631
RNGTT,0,0,0,6.666456990955493
RNPC3,0,0,0,6.958945539279802
ROBO4,0,0,0,8.591808201454883
ROCK1,0,0,0,8.23296904594622
ROCK2,0,0,0,8.286559468742466
RORA,0,0,0,7.939885866545415
RPAP2,0,0,0,6.541336490055141
RPL11,0,0,0,10.726376414173059
RPL13,0,0,0,11.04486994748045
RPL41,0,0,0,11.14907764200144
RPL8,0,0,0,10.722334903805704
RPLP1,0,0,0,11.336506266192783
RPRD2,0,0,0,6.8417078639954285
RPS6KA2,0,0,0,8.958526577452874
RPS6KC1,0,0,0,6.929149323274729
RRBP1,0,0,0,7.910729125618625
RREB1,0,0,0,7.096296727351343
RSBN1L,0,0,0,7.058637594061252
RSF1,0,0,0,8.104651394263643
RSRC1,0,0,0,7.312101588256637
RSRC2,0,0,0,7.689058419892626
RSRP1,0,0,0,8.83432833362983
RSU1,0,0,0,7.4923960185614
RTN4,0,0,0,9.144756843841378
RUFY3,0,0,0,7.776842096377682
RUNDC3B,0,0,0,7.292023472010804
RUNX1T1,0,0,0,8.966049338048405
RUSC2,0,0,0,7.191784540802867
RYR2,0,0,0,9.075195905186028
S100A10,0,0,0,10.851330923417876
SAMD12,1,1,0,6.811589409334793
SAMD4A,1,1,0,7.583028767253151
SAMHD1,0,0,0,7.78480442824674
SASH1,0,0,0,9.436992836084446
SBF2,0,0,0,9.258039718491629
SCAF11,0,0,0,8.69560949319522
SCAF8,0,0,0,7.330350594292607
SCAMP1,0,0,0,7.364653334365304
SCAPER,0,0,0,7.833506050882641
SCFD1,0,0,0,7.6220692847008555
SCFD2,1,1,0,6.854013917383134
SCLT1,0,0,0,7.0648789840288675
SCMH1,0,0,0,6.943447031545933
SDCBP,0,0,0,9.656934216836987
SDCCAG8,1,1,0,6.794414265526661
SEC11A,0,0,0,7.728515798877936
SEC14L1,0,0,0,10.64331338290985
SEC22A,0,0,0,6.19832867704895
SEC23A,0,0,0,7.279733773271063
SEC24B,0,0,0,7.482172335609233
SEC31A,0,0,0,7.696313222367476
SEC62,1,1,0,8.84796449413522
SECISBP2,0,0,0,7.833871567743195
SEMA6A,1,0,1,8.116116980398324
SENP5,0,0,0,7.004466443005599
SENP6,0,0,0,7.791594481501316
SENP7,0,0,0,7.778741879429253
SERF2,0,0,0,10.06351598535998
SESN1,0,0,0,6.7709368202555575
SETBP1,0,0,0,6.472580068588558
SETD2,0,0,0,7.7772222531759
SETD5,0,0,0,8.518893488073102
SETX,0,0,0,7.971790339183556
SF1,0,0,0,8.283083737718917
SF3B1,0,0,0,8.504500686583276
SFMBT2,0,0,0,7.499786180600366
SFPQ,0,0,0,8.618360963602736
SFSWAP,0,0,0,7.099340388904068
SGIP1,1,1,0,7.561560998832658
SGK1,0,0,0,9.14858186734986
SGMS1,0,0,0,6.804893030438812
SH2D3C,1,0,1,8.775225311496047
SH3D19,1,1,0,7.671169341369773
SH3GLB1,0,0,0,8.203853808424594
SH3RF1,0,0,0,7.299982457114869
SH3RF3,1,0,1,7.734401155316435
SHANK3,1,1,0,8.579218591378357
SHE,0,0,0,8.472697432431689
SHOC2,0,0,0,7.343245701959797
SHPRH,0,0,0,7.332421572636234
SIK2,0,0,0,6.941413156621359
SIK3,0,0,0,8.088506201026263
SIPA1L1,0,0,0,7.249365832908675
SIPA1L2,1,1,0,6.713299231795803
SIPA1L3,0,0,0,6.376494257714696
SKAP2,0,0,0,7.240019071673592
SKIL,0,0,0,7.6397377346365865
SLC10A7,0,0,0,6.8446128638008075
SLC12A2,0,0,0,7.0648789840288675
SLC12A6,0,0,0,6.6549186657723
SLC14A1,0,0,0,8.468230880749799
SLC1A1,0,0,0,7.151883818125735
SLC25A13,0,0,0,7.855274778351862
SLC25A29,0,0,0,6.803400715807806
SLC25A3,0,0,0,8.513883729917799
SLC25A37,0,0,0,7.096905973576988
SLC25A4,0,0,0,7.930004355031452
SLC2A3,0,0,0,9.557084952024248
SLC35G2,0,0,0,7.303153797554863
SLC38A2,0,0,0,8.005277994492877
SLC8A1,0,0,0,7.739092214995094
SLC9C1,0,0,0,7.162399560465922
SLCO2A1,0,0,0,7.56067794139674
SLCO3A1,0,0,0,8.295875797506412
SLCO4A1,1,1,0,9.169874493016449
SLFN5,0,0,0,7.462450892068986
SLMAP,0,0,0,7.474222294196604
SLTM,0,0,0,7.676477877088028
SMAD1,0,0,0,7.368695207198884
SMAD2,0,0,0,7.4615050175614845
SMAD5,0,0,0,7.589970028772624
SMAD6,1,1,0,8.152616559794637
SMAP1,1,1,0,7.596878053539225
SMARCA2,0,0,0,8.528635341477269
SMARCC1,0,0,0,7.063632864287487
SMC5,0,0,0,7.580852756220882
SMC6,0,0,0,6.891017248974651
SMCHD1,0,0,0,8.373857362785154
SMG1,0,0,0,7.836062726307755
SMG6,0,0,0,7.256472719402935
SMTN,0,0,0,8.341832868955741
SMURF1,0,0,0,7.010946108247451
SMURF2,0,0,0,7.478436596241686
SMYD3,0,0,0,8.49782685809469
SNAP23,0,0,0,7.368695207198884
SND1,0,0,0,7.037212596077065
SNED1,0,0,0,6.824153943512185
SNHG25,0,0,0,7.207666541628287
SNHG7,0,0,0,8.237396616440435
SNRK,0,0,0,8.087893396497186
SNRNP70,0,0,0,7.578237203232127
SNTG2,0,0,0,7.8610247226064045
SNX13,0,0,0,7.122264731391845
SNX14,0,0,0,6.863354107144194
SNX29,0,0,0,7.451535713048226
SNX6,0,0,0,7.577364297417635
SNX9,0,0,0,7.816961201659743
SON,0,0,0,9.465579679315999
SORBS1,1,0,1,9.371278593851075
SORBS2,1,1,0,8.99281103705916
SORBS3,0,0,0,7.6821730009569835
SOS1,0,0,0,8.408625773353384
SOS2,0,0,0,7.551817511022772
SOX18,0,0,0,10.563848913109986
SP100,0,0,0,9.080596374212071
SP3,0,0,0,7.053624967812399
SPAG9,0,0,0,8.66676478778649
SPARC,0,0,0,9.870275234373384
SPARCL1,0,0,0,12.848038006826123
SPATS2,0,0,0,7.2082305350056375
SPATS2L,0,0,0,7.527618921585682
SPEN,0,0,0,7.308423922286151
SPG11,0,0,0,7.243324847511951
SPG7,0,0,0,7.44197665842545
SPIDR,0,0,0,8.550817298729271
SPOP,0,0,0,7.224491164269645
SPPL2A,0,0,0,7.185497032653782
SPPL3,0,0,0,7.5575829768980345
SPRED1,0,0,0,6.6441212431610435
SPRED2,0,0,0,7.732049893015378
SPRY1,0,0,0,9.721668446441459
SPTAN1,0,0,0,8.692589616902321
SPTBN1,1,0,1,10.939822194357708
SPTLC2,0,0,0,7.358061043270473
SREK1,0,0,0,7.423152334284145
SRGAP1,0,0,0,6.611235478789584
SRGAP2,0,0,0,8.345939092603729
SRGAP2B,0,0,0,7.698723405371395
SRGAP2C,0,0,0,7.238915460955488
SRGN,1,1,0,10.687112571094005
SRP54,0,0,0,7.041649710860361
SRPK2,0,0,0,7.8950512903776415
SRRM1,0,0,0,8.035147859055787
SRRM2,0,0,0,8.746973953029277
SRSF10,1,1,0,8.06783421181838
SRSF11,0,0,0,8.733128030600781
SRSF2,0,0,0,8.568056908415452
SRSF3,0,0,0,9.237741948811781
SRSF4,0,0,0,8.410342391826562
SRSF5,0,0,0,8.91323913952145
SRSF7,0,0,0,8.772177027674076
SS18,0,0,0,6.971624254449488
SSBP2,1,1,0,7.946999427766398
SSH1,0,0,0,7.324119762044668
SSH2,0,0,0,8.299056168132237
ST3GAL1,0,0,0,7.65801834835313
ST6GAL1,1,0,1,8.05409564207275
ST6GALNAC3,0,0,0,11.154318747042788
ST8SIA6,0,0,0,8.778077239890944
STAG1,0,0,0,8.960369100105472
STARD13,0,0,0,8.783575033165196
STARD9,0,0,0,6.874767328919921
STAT3,0,0,0,8.9783354394627
STAT5B,0,0,0,6.931883643052505
STAU1,0,0,0,7.332938853043672
STAU2,0,0,0,7.774939808337185
STIM1,1,1,0,6.967632474063164
STIM2,0,0,0,7.628404314087732
STK10,0,0,0,7.470935971497933
STK24,0,0,0,7.204843262760759
STK3,0,0,0,8.45450997510213
STK38,0,0,0,7.330868617652173
STK38L,0,0,0,7.1693677126681825
STOM,0,0,0,11.005419969079302
STOX2,1,0,1,8.33384364770543
STRN,0,0,0,6.959615625237454
STRN3,0,0,0,7.556697480451093
STT3B,0,0,0,6.832226012103412
STX12,0,0,0,8.355135586156925
STX8,0,0,0,7.610168948807627
STXBP1,0,0,0,7.235599554402724
STXBP5,0,0,0,7.079749066707549
STXBP6,1,0,1,8.040541710884211
SUCLG2,0,0,0,7.219464347194813
SULF2,0,0,0,8.526601785092334
SUMF1,0,0,0,7.190643393785973
SUN1,0,0,0,8.20102305103472
SUSD6,0,0,0,7.644746372819509
SUZ12,0,0,0,6.8987247201717725
SVIL,0,0,0,6.831494051133429
SWAP70,0,0,0,8.709021629161354
SYN3,0,0,0,6.674642516692357
SYNE1,0,0,0,11.187625706528568
SYNE2,1,1,0,10.570828025116436
TAB2,0,0,0,6.671373877421847
TACC1,0,0,0,11.169277197441636
TAF1D,0,0,0,7.650152846581574
TAF3,0,0,0,7.2499137611495525
TAGLN2,0,0,0,10.250632601302009
TANC1,1,1,0,8.84252548659645
TANC2,0,0,0,6.823417874597805
TANK,0,0,0,6.957604432940245
TAOK1,0,0,0,7.781397379859826
TAOK3,0,0,0,7.622915564262232
TAX1BP1,0,0,0,8.024619520347557
TBC1D1,0,0,0,7.59730870877851
TBC1D15,0,0,0,7.541560285144535
TBC1D22A,0,0,0,8.397046703867158
TBC1D5,0,0,0,8.840526034915724
TBC1D8,0,0,0,6.612940288489753
TBC1D9,0,0,0,7.595585315960893
TBCA,0,0,0,7.909689220450422
TBCD,0,0,0,8.064100285331877
TBCK,0,0,0,7.181481576667426
TBK1,0,0,0,6.950205980619085
TBL1XR1,0,0,0,7.927608987952179
TBRG1,0,0,0,7.017396801046284
TBX3,1,1,0,7.785938325376807
TCAP,0,0,0,8.870587019166008
TCF12,0,0,0,9.225118286661997
TCF25,0,0,0,8.48880275383739
TCF4,0,0,0,11.10004332243013
TCF7L1,0,0,0,7.385249260990448
TCF7L2,0,0,0,8.0242992772739
TDRD10,0,0,0,6.619739452960604
TDRD3,0,0,0,6.887500194475897
TEAD1,1,1,0,7.762321403922983
TEAD4,0,0,0,7.06113739116213
TEK,0,0,0,9.171610675394229
TERF2IP,0,0,0,7.693899006145104
TET2,0,0,0,7.06985272751456
TFCP2,0,0,0,6.702130953422386
TFDP2,0,0,0,6.6307202059312305
TGFBR2,0,0,0,9.103666541885671
TGM2,0,0,0,8.576163188894158
THADA,0,0,0,7.199747395858225
THRAP3,0,0,0,7.702731450846619
THSD4,0,0,0,6.875477666226684
THUMPD3-AS1,0,0,0,7.215542455348053
TIAM2,0,0,0,6.433560212114948
TIE1,0,0,0,8.60193015175583
TIMP3,0,0,0,11.567219038593272
TINAGL1,0,0,0,10.223549969254712
TJP1,1,1,0,8.620904839141087
TLE4,0,0,0,7.752687987781293
TLK1,0,0,0,7.181481576667426
TLK2,0,0,0,7.0429149554412485
TLN2,0,0,0,7.156566946736692
TM2D1,0,0,0,6.99010790290572
TM4SF1,1,1,0,11.341334836687416
TM9SF2,0,0,0,7.392711493356177
TMCC1,0,0,0,7.416334522246487
TMCC3,0,0,0,7.079132530355906
TMEM117,0,0,0,6.45937452978929
TMEM135,0,0,0,7.484967805641102
TMEM165,0,0,0,8.625768098317685
TMEM184B,0,0,0,7.1078286380478
TMEM204,0,0,0,8.543014107641236
TMEM245,1,1,0,7.151883818125735
TMEM44,0,0,0,6.977591292077202
TMEM87A,0,0,0,7.180332247755104
TMEM88,0,0,0,10.108546331014985
TMOD3,0,0,0,8.584875799602068
TMPO,0,0,0,7.402601472384173
TMSB10,0,0,0,13.318763958397023
TMTC1,0,0,0,10.482551206083237
TMTC2,1,0,1,8.68936143281933
TNFRSF10B,0,0,0,7.553150049640496
TNFSF10,0,0,0,8.858062769511413
TNNC1,0,0,0,8.345939092603729
TNNI3,0,0,0,7.751527643181835
TNNT2,0,0,0,8.003654434743668
TNPO1,0,0,0,7.231721339591796
TNRC18,0,0,0,6.508742056013135
TNRC6A,0,0,0,7.85635463995983
TNRC6B,0,0,0,8.901604439038046
TNRC6C,0,0,0,6.681969990326818
TNS1,0,0,0,8.339260531569456
TNS2,0,0,0,8.751817816835903
TOM1L2,0,0,0,6.453677799619767
TOP1,0,0,0,7.828012156045169
TPK1,0,0,0,6.767114096659952
TPM1,0,0,0,11.119212873559311
TPM3,0,0,0,8.493206163806404
TPM4,0,0,0,9.3339082541872
TPO,1,0,1,9.48886078078726
TPR,0,0,0,8.082674021641793
TPST1,1,0,1,7.685822315822424
TPST2,0,0,0,7.912460636917314
TPT1,0,0,0,11.819489663695453
TRA2A,0,0,0,7.7394824489820255
TRA2B,0,0,0,7.927266467760425
TRAK1,1,1,0,7.548258045739257
TRAK2,0,0,0,6.922978089830613
TRAPPC9,0,0,0,7.293087210337993
TRIM13,1,1,0,6.802653979227527
TRIM22,0,0,0,7.506221663813345
TRIM33,0,0,0,7.218904729251066
TRIM44,0,0,0,7.3892339209815
TRIM56,0,0,0,7.589104195263733
TRIO,1,0,1,8.945055151496362
TRIOBP,0,0,0,8.37159332476724
TRIP11,0,0,0,7.192354776004318
TRIP12,0,0,0,8.245936558556004
TRPC4AP,0,0,0,7.32359930928257
TRPM7,0,0,0,7.349905882655959
TRRAP,0,0,0,6.552039686281684
TSC22D1,0,0,0,9.849727765687536
TSHZ2,0,0,0,8.878935560921741
TSPAN14,0,0,0,8.86129368977138
TSPAN18,0,0,0,8.253060316466417
TSPAN9,0,0,0,8.582920044615406
TTBK2,0,0,0,6.738506666029109
TTC14,0,0,0,7.225048619856523
TTC17,0,0,0,8.327108727302466
TTC19,0,0,0,7.915917437519009
TTC28,0,0,0,9.329119542827845
TTC3,0,0,0,7.259741050136341
TTN,0,0,0,9.970253325360673
TTN-AS1,0,0,0,7.095687223733959
TUBA1B,0,0,0,10.133034916814783
TUBB6,0,0,0,7.626717691021585
TULP4,0,0,0,7.405063409911467
TXNIP,0,0,0,11.011047122456949
TXNRD1,0,0,0,7.331386455073702
TYW1,0,0,0,6.420964406428961
U2SURP,0,0,0,7.7107142906409445
UACA,0,0,0,9.622122191719615
UBAC2,0,0,0,7.150123718223539
UBC,0,0,0,11.0221558224981
UBE2B,0,0,0,8.115515794832426
UBE2D2,0,0,0,8.031009498863455
UBE2D3,0,0,0,9.160579400449452
UBE2E1,0,0,0,7.607178463494569
UBE2E3,0,0,0,7.27004218588773
UBE2G1,0,0,0,6.8145556299446275
UBE2H,0,0,0,8.0133684993257
UBE2J1,0,0,0,7.669122384384934
UBE2K,0,0,0,7.874589689931716
UBE2R2,0,0,0,7.361107382690357
UBE3A,0,0,0,7.673621862216898
UBE3C,0,0,0,7.272201505341747
UBE4B,0,0,0,6.964965137891499
UBR1,0,0,0,7.5473668055312135
UBR2,0,0,0,7.766539813480782
UBR3,0,0,0,7.799476029682691
UBR4,0,0,0,7.24607388615031
UBR5,0,0,0,7.85599477589189
UBXN4,0,0,0,8.232137361618292
UGGT2,0,0,0,7.462450892068986
UGP2,0,0,0,7.198044765793308
UIMC1,0,0,0,6.859050763041062
ULK4,1,1,0,6.6606993634241
UMAD1,0,0,0,7.532130872224604
UNC13B,0,0,0,8.0462309527265
UPF2,0,0,0,7.45486647484635
UPF3A,0,0,0,7.688654303632031
USO1,0,0,0,7.262459014468666
USP12,0,0,0,6.740847437295816
USP15,0,0,0,7.956429941361019
USP24,0,0,0,7.049854035478012
USP25,0,0,0,7.477501147973613
USP3,0,0,0,6.63156142755325
USP32,0,0,0,6.879024115999011
USP33,0,0,0,7.320472643711521
USP34,0,0,0,8.527279955760207
USP47,0,0,0,7.5804171598888015
USP48,0,0,0,7.019969023775168
USP53,1,1,0,6.854734544291668
USP8,0,0,0,7.218344894148625
UTRN,1,1,0,10.378155536447949
UVRAG,0,0,0,8.629141592095106
VAPA,0,0,0,8.398777147064035
VAV3,0,0,0,7.6584311366366
VCL,0,0,0,8.054722968983771
VCP,0,0,0,8.18363410361106
VEGFC,0,0,0,7.879555332344094
VEZT,0,0,0,7.311576781033358
VGLL4,0,0,0,7.885562153584856
VIM,0,0,0,10.486857501075114
VMP1,0,0,0,7.755005880968426
VOPP1,0,0,0,6.970959724248476
VPS13A,0,0,0,7.144241161486653
VPS13B,0,0,0,8.171538376161415
VPS13C,0,0,0,8.328146917535907
VPS13D,0,0,0,7.830578577379194
VPS36,0,0,0,7.385747945765855
VPS37B,0,0,0,6.773987722880015
VPS54,0,0,0,7.29468134866692
VPS8,0,0,0,6.611235478789584
VRK2,0,0,0,7.110848092981901
VTI1A,0,0,0,8.451654801334305
VWA8,0,0,0,6.7701730854357685
VWF,0,0,0,12.310748181072963
WAC,0,0,0,8.350033662208842
WAPL,0,0,0,7.13537210666407
WASF2,0,0,0,8.44041731214755
WDFY1,0,0,0,7.375741350831005
WDFY3,1,1,0,7.820654266625039
WDPCP,0,0,0,7.440057223529459
WDR11,1,1,0,6.796666131292211
WDR20,0,0,0,6.623972716094461
WDR33,0,0,0,7.472814786727999
WDR7,0,0,0,7.359585017046925
WDR70,0,0,0,7.473284108476083
WIPF1,0,0,0,7.388736439927987
WIPF2,0,0,0,6.535056091277403
WNK1,0,0,0,9.782959942539426
WNT2B,1,1,0,6.665635878217967
WSB1,1,1,0,10.021213297400159
WTAP,0,0,0,7.560236209904959
WWC2,0,0,0,7.9500373922413425
WWOX,1,1,0,8.662655420795637
WWP1,0,0,0,7.709519676958923
WWP2,0,0,0,6.6441212431610435
WWTR1,1,1,0,9.189001411970287
XAF1,0,0,0,9.180978857928425
XPO1,0,0,0,6.9808956797812645
XPO4,0,0,0,6.400382130801648
XPR1,1,1,0,8.34568279574022
XRCC5,0,0,0,8.402231819128303
XRN1,0,0,0,8.076818169599349
XRN2,0,0,0,7.777602309827436
YAF2,0,0,0,7.112656737231597
YAP1,0,0,0,7.119868724960468
YBX3,0,0,0,9.905565557543806
YEATS2,0,0,0,6.823417874597805
YES1,0,0,0,8.600427120620296
YIPF4,0,0,0,7.24772079847629
YLPM1,0,0,0,7.018040286802219
YME1L1,0,0,0,7.35296947263937
YTHDC2,0,0,0,7.047334593596258
YWHAQ,0,0,0,8.075891384744637
YWHAZ,0,0,0,8.154958835362836
ZBTB16,1,1,0,10.029773649104486
ZBTB20,0,0,0,10.540972748976412
ZBTB38,0,0,0,7.478436596241686
ZBTB46,0,0,0,8.354371446816556
ZC3H13,0,0,0,7.012884346390606
ZC3H7A,0,0,0,6.957604432940245
ZC3HAV1,0,0,0,7.508513111310458
ZCCHC14,0,0,0,6.300247001910859
ZCCHC7,0,0,0,7.85022470929419
ZDHHC14,0,0,0,7.319428914209757
ZDHHC17,0,0,0,7.1186692278713
ZDHHC20,0,0,0,7.478436596241686
ZEB1,0,0,0,9.361677855902157
ZFAND3,0,0,0,8.951806588402132
ZFAND6,0,0,0,7.67484656096692
ZFC3H1,0,0,0,7.361107382690357
ZFHX3,0,0,0,7.1826299906909625
ZFP36,0,0,0,10.677420140941134
ZFP36L1,0,0,0,9.524848367266571
ZFP36L2,0,0,0,9.0674457117377
ZFPM2,0,0,0,6.944124353173815
ZFR,0,0,0,7.545582671693213
ZFYVE16,0,0,0,7.15071065681621
ZHX2,0,0,0,6.5511507798820965
ZHX3,0,0,0,7.949362841654705
ZMIZ1,0,0,0,7.626717691021585
ZMYM2,0,0,0,7.813999927925473
ZMYM4,0,0,0,7.26733848374543
ZMYND11,0,0,0,7.478904093018586
ZMYND8,0,0,0,7.067989582562258
ZNF106,0,0,0,6.902214550225886
ZNF131,0,0,0,7.084671895253384
ZNF148,0,0,0,7.942260952991111
ZNF160,0,0,0,7.863533134884188
ZNF207,0,0,0,8.24511231836549
ZNF280D,0,0,0,7.400628892974642
ZNF292,0,0,0,7.728515798877936
ZNF302,0,0,0,6.719642501331708
ZNF33A,0,0,0,6.7377255642012095
ZNF366,0,0,0,8.159923580281683
ZNF385D,1,0,1,8.750850344266862
ZNF407,0,0,0,7.842616304955418
ZNF423,0,0,0,7.055506744219482
ZNF438,0,0,0,6.993383778611343
ZNF451,0,0,0,6.946830464243234
ZNF518A,0,0,0,6.52241267353511
ZNF532,0,0,0,7.16123492263001
ZNF609,0,0,0,7.685012154329344
ZNF638,0,0,0,8.467288789431763
ZNF644,0,0,0,7.831677076194365
ZNF652,0,0,0,6.50415624464756
ZNF704,0,0,0,7.401122290736253
ZNF721,0,0,0,7.727335841036078
ZNF800,0,0,0,7.12883330459722
ZNF83,0,0,0,7.281342727015026
ZNF91,0,0,0,7.162399560465922
ZNFX1,0,0,0,6.938016980286332
ZRANB2,0,0,0,7.80209367303592
ZSWIM6,0,0,0,8.19903821084621
ZZEF1,0,0,0,6.779311326857561
ZZZ3,0,0,0,7.171682971004021
